tempo,breque,cria_jur_1,cria_jur_2,jus_estr,exec_jur_1,exec_jur_3,jus_exec
1,entrada,0.00,0.00,,0.00,0.00,
2,entrada,0.00,0.00,,0.00,0.00,
3,entrada,0.00,0.00,,0.00,0.00,
4,entrada,0.00,0.00,,0.00,0.00,
5,entrada,0.00,0.00,,0.00,0.00,
6,entrada,0.00,0.00,,0.00,0.00,
7,entrada,0.00,0.00,,0.00,0.00,
8,entrada,0.00,0.00,,0.00,0.00,
9,entrada,0.00,0.00,,0.00,0.00,
10,entrada,0.00,0.00,,0.00,0.00,
11,entrada,0.00,0.00,,0.00,0.00,
12,entrada,0.00,0.00,,0.00,0.00,
13,entrada,0.00,1.00,inicio,0.00,0.00,
14,entrada,0.00,0.00,,0.00,0.00,
15,entrada,0.00,0.00,,0.00,0.00,
16,entrada,0.00,0.00,,0.00,0.00,
17,entrada,0.00,0.00,,0.00,0.00,
18,entrada,0.00,0.00,,0.00,0.00,
19,entrada,0.00,0.00,,0.00,0.00,
20,entrada,0.00,0.00,,0.00,0.00,
21,entrada,0.00,0.00,,0.00,0.00,
22,entrada,0.00,0.00,,0.00,0.00,
23,entrada,0.00,0.00,,0.00,0.00,
24,entrada,0.00,0.00,,0.00,0.00,
25,entrada,0.00,0.00,,0.00,0.00,
26,entrada,0.00,0.00,,0.00,0.00,
27,entrada,0.00,0.00,,0.00,0.00,
28,entrada,0.00,0.00,,0.00,0.00,
29,entrada,0.00,0.00,,0.00,0.00,
30,entrada,0.00,1.00,xequere,0.00,0.00,
31,entrada,0.00,0.00,,0.00,0.00,
32,entrada,0.00,0.00,,0.00,0.00,
33,entrada,0.00,0.00,,0.00,0.00,
34,entrada,0.00,0.00,,0.00,0.00,
35,entrada,0.00,0.00,,0.00,0.00,
36,entrada,0.00,0.00,,0.00,0.00,
37,entrada,0.00,0.00,,0.00,0.00,
38,entrada,0.00,0.00,,0.00,0.00,
39,entrada,1.00,0.00,fraseado naipes,0.00,0.00,
40,entrada,0.00,0.00,,0.00,0.00,
41,entrada,0.00,0.00,,0.00,0.00,
42,entrada,0.00,0.00,,0.00,0.00,
43,entrada,0.00,0.00,,0.00,0.00,
44,entrada,0.00,0.00,,0.00,0.00,
45,entrada,0.00,0.00,,0.00,0.00,
46,entrada,0.00,0.00,,0.00,0.00,
47,entrada,0.00,0.00,,0.00,0.00,
48,entrada,0.00,0.00,,0.00,0.00,
49,entrada,0.00,0.00,,0.00,0.00,
50,entrada,0.00,0.00,,0.00,0.00,
51,entrada,0.00,0.00,,0.00,0.00,
52,entrada,0.00,0.00,,0.00,0.00,
53,entrada,0.00,0.00,,0.00,0.00,
54,entrada,0.00,0.00,,0.00,0.00,
55,entrada,0.00,0.00,,0.00,0.00,
56,entrada,0.00,0.00,,0.00,0.00,
57,entrada,0.00,0.00,,0.00,0.00,
58,entrada,0.00,0.00,,0.00,0.00,
59,entrada,0.00,0.00,,0.00,0.00,
60,entrada,0.00,0.00,,0.00,0.00,
61,entrada,0.00,0.00,,0.00,0.00,
62,entrada,0.00,0.00,,0.00,0.00,
63,entrada,0.00,0.00,,0.00,0.00,
64,entrada,0.00,0.00,,0.00,0.00,
65,entrada,0.00,0.00,,0.00,0.00,
66,entrada,0.00,0.00,,0.00,0.00,
67,entrada,0.00,0.00,,0.00,0.00,
68,entrada,0.00,0.00,,0.00,0.00,
69,entrada,0.00,0.00,,0.00,0.00,
70,entrada,0.00,0.00,,0.00,0.00,
71,entrada,0.00,0.00,,0.00,0.00,
72,entrada,0.00,0.00,,0.00,0.00,
73,entrada,0.00,0.00,,0.00,0.00,
74,entrada,0.00,0.00,,0.00,0.00,
75,entrada,0.00,0.00,,0.00,0.00,
76,samba,0.00,0.00,,0.00,0.00,
77,samba,0.00,0.00,,0.00,0.00,
78,samba,0.00,0.00,,0.00,0.00,
79,samba,0.00,0.00,,0.00,0.00,
80,samba,0.00,0.00,,0.00,0.00,
81,samba,0.00,0.00,,0.00,0.00,
82,samba,0.00,0.00,,0.00,0.00,
83,samba,0.00,0.00,,0.00,0.00,
84,samba,1.00,0.00,bossa,0.00,0.00,
85,samba,0.00,0.00,,0.00,0.00,
86,samba,0.00,0.00,,0.00,0.00,
87,samba,0.00,0.00,,0.00,0.00,
88,samba,0.00,0.00,,0.00,0.00,
89,samba,0.00,0.00,,0.00,0.00,
90,samba,0.00,0.00,,0.00,0.00,
91,iluminatti,0.00,0.00,,0.00,0.00,
92,iluminatti,0.00,0.00,,0.00,0.00,
93,iluminatti,0.00,0.00,,0.00,0.00,
94,iluminatti,0.00,0.00,,0.00,0.00,
95,iluminatti,0.00,0.00,,0.00,0.00,
96,iluminatti,0.00,1.00,variacao ritmica,0.00,0.00,
97,iluminatti,0.00,0.00,,0.00,0.00,
98,iluminatti,0.00,0.00,,0.00,0.00,
99,iluminatti,0.00,0.00,,0.00,0.00,
100,iluminatti,0.00,0.00,,0.00,0.10,tamborins
101,iluminatti,0.00,0.00,,0.00,0.00,
102,iluminatti,0.00,0.00,,0.00,0.00,
103,iluminatti,0.00,0.00,,0.00,0.00,
104,iluminatti,0.00,0.00,,0.00,0.00,
105,iluminatti,0.00,0.00,,0.00,0.00,
106,iluminatti,0.00,0.00,,0.00,0.10,tamborins
107,iluminatti,0.00,0.00,,0.10,0.00,tamborins
108,iluminatti,0.00,0.00,,0.00,0.00,
109,iluminatti,0.00,0.00,,0.00,0.00,
110,iluminatti,0.00,0.00,,0.00,0.00,
111,iluminatti,0.00,0.00,,0.00,0.00,
112,iluminatti,0.00,0.00,,0.00,0.00,
113,iluminatti,0.00,0.00,,0.00,0.00,
114,iluminatti,0.00,0.00,,0.00,0.10,caixas
115,iluminatti,0.00,0.00,,0.00,0.00,
116,iluminatti,0.00,0.00,,0.00,0.00,
117,iluminatti,0.00,0.00,,0.00,0.00,
118,iluminatti,0.00,0.00,,0.00,0.00,
119,iluminatti,0.00,0.00,,0.00,0.00,
120,iluminatti,0.00,0.00,,0.00,0.00,
121,iluminatti,0.00,0.00,,0.00,0.00,
122,iluminatti,0.00,0.00,,0.00,0.00,
123,iluminatti,0.00,0.00,,0.00,0.00,
124,iluminatti,0.00,0.00,,0.00,0.00,
125,iluminatti,0.00,0.00,,0.00,0.00,
126,samba,0.00,0.00,,0.00,0.00,
127,samba,0.00,0.00,,0.00,0.00,
128,samba,0.00,0.00,,0.00,0.00,
129,samba,0.00,0.00,,0.00,0.00,
130,samba,0.00,0.00,,0.00,0.00,
131,samba,0.00,0.00,,0.00,0.00,
132,samba,0.00,0.00,,0.00,0.00,
133,samba,0.00,0.00,,0.00,0.00,
134,samba,0.00,0.00,,0.00,0.00,
135,samba,0.00,0.00,,0.00,0.00,
136,samba,0.00,0.00,,0.00,0.00,
137,samba,0.00,0.00,,0.00,0.00,
138,samba,0.00,0.00,,0.00,0.00,
139,samba,0.00,0.00,,0.00,0.00,
140,samba,0.00,0.00,,0.00,0.00,
141,dois cu,0.00,0.00,,0.00,0.10,tamborins
142,dois cu,0.00,0.00,,0.00,0.00,
143,dois cu,0.00,0.00,,0.00,0.00,
144,dois cu,0.00,0.00,,0.00,0.00,
145,dois cu,0.00,0.00,,0.00,0.00,
146,dois cu,0.00,0.00,,0.00,0.00,
147,dois cu,2.00,0.00,bossa,0.00,0.00,
148,dois cu,0.00,0.00,,0.00,0.00,
149,dois cu,0.00,0.00,,0.00,0.00,
150,dois cu,0.00,0.00,,0.00,0.10,tamborins
151,dois cu,0.00,0.00,,0.00,0.00,
152,dois cu,0.00,1.00,variacao ritmica,0.00,0.00,
153,dois cu,0.00,0.00,,0.00,0.00,
154,dois cu,0.00,0.00,,0.00,0.00,
155,dois cu,0.00,0.00,,0.00,0.00,
156,dois cu,0.00,0.00,,0.00,0.00,
157,dois cu,0.00,0.00,,0.00,0.00,
158,dois cu,0.00,0.00,,0.00,0.00,
159,dois cu,0.00,0.00,,0.00,0.00,
160,dois cu,0.00,1.00,frase repiques,0.00,0.00,
161,dois cu,0.00,0.00,,0.00,0.00,
162,dois cu,0.00,0.00,,0.00,0.00,
163,dois cu,0.00,0.00,,0.00,0.00,
164,dois cu,0.00,0.00,,0.00,0.00,
165,dois cu,1.00,0.00,ritmo,0.00,0.10,caixas
166,dois cu,0.00,0.00,,0.00,0.00,
167,dois cu,0.00,0.00,,0.00,0.00,
168,samba,0.00,0.00,,0.00,0.00,
169,samba,0.00,0.00,,0.00,0.00,
170,samba,0.00,0.00,,0.00,0.00,
171,samba,0.00,0.00,,0.00,0.00,
172,samba,0.00,0.00,,0.00,0.00,
173,samba,0.00,0.00,,0.00,0.00,
174,samba,0.00,0.00,,0.00,0.00,
175,samba,0.00,0.00,,0.00,0.00,
176,samba,0.00,0.00,,0.00,0.00,
177,samba,0.00,0.00,,0.00,0.00,
178,samba,0.00,0.00,,0.00,0.00,
179,samba,0.00,0.00,,0.00,0.00,
180,samba,0.00,0.00,,0.00,0.00,
181,samba,0.00,0.00,,0.00,0.00,
182,dedos,0.00,0.00,,0.00,0.00,
183,dedos,0.00,0.00,,0.00,0.00,
184,dedos,0.00,0.00,,0.00,0.00,
185,dedos,0.00,0.00,,0.00,0.10,tamborins
186,dedos,0.00,0.00,,0.00,0.00,
187,dedos,0.00,0.00,,0.00,0.00,
188,dedos,0.00,1.00,fraseado naipes,0.00,0.00,
189,dedos,0.00,0.00,,0.00,0.00,
190,dedos,0.00,0.00,,0.00,0.00,
191,dedos,0.00,0.00,,0.00,0.00,
192,dedos,0.00,0.00,,0.00,0.00,
193,dedos,0.00,0.00,,0.00,0.00,
194,dedos,0.00,0.00,,0.00,0.00,
195,dedos,0.00,0.00,,0.00,0.00,
196,dedos,0.00,0.00,,0.00,0.00,
197,dedos,0.00,0.00,,0.00,0.00,
198,dedos,0.00,0.00,,0.00,0.00,
199,dedos,1.00,0.00,frase tamborins,0.00,0.00,
200,dedos,0.00,0.00,,0.00,0.00,
201,dedos,0.00,0.00,,0.00,0.00,
202,dedos,0.00,0.00,,0.00,0.00,
203,dedos,0.00,0.00,,0.00,0.00,
204,samba,0.00,0.00,,0.00,0.00,
205,samba,0.00,0.00,,0.00,0.00,
206,samba,0.00,0.00,,0.00,0.00,
207,samba,0.00,0.00,,0.00,0.00,
208,samba,0.00,0.00,,0.00,0.00,
209,samba,0.00,0.00,,0.00,0.00,
210,samba,0.00,0.00,,0.00,0.00,
211,samba,0.00,0.00,,0.00,0.00,
212,samba,0.00,0.00,,0.00,0.00,
213,samba,0.00,0.00,,0.00,0.00,
214,samba,0.00,0.00,,0.00,0.00,
215,samba,0.00,0.00,,0.00,0.00,
216,mama eu,0.00,0.00,,0.00,0.00,
217,mama eu,0.00,0.00,,0.00,0.00,
218,mama eu,0.00,0.00,,0.00,0.00,
219,mama eu,0.00,0.00,,0.00,0.00,
220,mama eu,0.00,0.00,,0.00,0.00,
221,mama eu,0.00,0.00,,0.00,0.00,
222,mama eu,2.00,0.00,bossa,0.00,0.00,
223,mama eu,0.00,0.00,,0.00,0.00,
224,mama eu,0.00,0.00,,0.00,0.10,surdos
225,mama eu,0.00,1.00,variacao ritmica,0.00,0.00,
226,mama eu,0.00,0.00,,0.00,0.00,
227,mama eu,0.00,0.00,,0.00,0.00,
228,mama eu,0.00,0.00,,0.00,0.00,
229,mama eu,0.00,0.00,,0.00,0.00,
230,mama eu,0.00,0.00,,0.00,0.00,
231,mama eu,0.00,0.00,,0.00,0.00,
232,mama eu,0.00,0.00,,0.00,0.00,
233,mama eu,0.00,0.00,,0.00,0.00,
234,mama eu,0.00,0.00,,0.00,0.00,
235,mama eu,0.00,0.00,,0.00,0.00,
236,mama eu,0.00,0.00,,0.00,0.10,caixas
237,mama eu,0.00,0.00,,0.00,0.00,
238,mama eu,0.00,0.00,,0.10,0.00,surdos
239,mama eu,0.00,0.00,,0.00,0.00,
240,mama eu,0.00,0.00,,0.00,0.00,
241,mama eu,0.00,1.00,frase chocalhos,0.00,0.00,
242,mama eu,0.00,0.00,,0.00,0.00,
243,mama eu,0.00,0.00,,0.00,0.00,
244,mama eu,0.00,0.00,,0.00,0.00,
245,mama eu,0.00,0.00,,0.00,0.00,
246,mama eu,0.00,0.00,,0.00,0.00,
247,mama eu,0.00,0.00,,0.00,0.00,
248,mama eu,0.00,0.00,,0.00,0.00,
249,mama eu,0.00,0.00,,0.00,0.00,
250,mama eu,0.00,0.00,,0.00,0.00,
251,mama eu,0.00,0.00,,0.00,0.00,
252,mama eu,0.00,0.00,,0.00,0.00,
253,mama eu,0.00,0.00,,0.00,0.00,
254,kuduro,0.00,0.00,,0.00,0.00,
255,kuduro,0.00,0.00,,0.00,0.00,
256,kuduro,0.00,0.00,,0.00,0.00,
257,kuduro,0.00,1.00,variacao ritmica,0.00,0.00,
258,kuduro,0.00,0.00,,0.00,0.00,
259,kuduro,0.00,0.00,,0.00,0.00,
260,kuduro,0.00,0.00,,0.00,0.00,
261,kuduro,0.00,0.00,,0.00,0.00,
262,kuduro,0.00,0.00,,0.00,0.00,
263,kuduro,0.00,0.00,,0.00,0.00,
264,kuduro,0.00,0.00,,0.00,0.00,
265,kuduro,0.00,0.00,,0.00,0.00,
266,kuduro,0.00,0.00,,0.00,0.00,
267,kuduro,0.00,0.00,,0.00,0.00,
268,kuduro,0.00,0.00,,0.00,0.00,
269,kuduro,0.00,0.00,,0.00,0.00,
270,kuduro,0.00,0.00,,0.00,0.00,
271,kuduro,0.00,0.00,,0.00,0.00,
272,kuduro,0.00,0.00,,0.00,0.00,
273,decres / cresc,0.00,0.00,,0.00,0.00,
274,decres / cresc,0.00,0.00,,0.00,0.00,
275,decres / cresc,0.00,0.00,,0.00,0.00,
276,decres / cresc,0.00,1.00,dinamica musical,0.00,0.00,
277,decres / cresc,1.00,0.00,fraseado naipes,0.00,0.00,
278,decres / cresc,0.00,0.00,,0.00,0.00,
279,decres / cresc,0.00,0.00,,0.00,0.00,
280,decres / cresc,0.00,0.00,,0.00,0.00,
281,decres / cresc,0.00,0.00,,0.00,0.00,
282,decres / cresc,0.00,0.00,,0.00,0.00,
283,decres / cresc,2.00,0.00,dinamica musical,0.00,0.00,
284,decres / cresc,0.00,0.00,,0.00,0.00,
285,samba,0.00,0.00,,0.00,0.00,
286,samba,0.00,0.00,,0.00,0.00,
287,samba,0.00,0.00,,0.00,0.00,
288,samba,0.00,0.00,,0.00,0.00,
289,samba,0.00,0.00,,0.00,0.00,
290,samba,0.00,0.00,,0.00,0.00,
291,samba,0.00,0.00,,0.00,0.00,
292,samba,0.00,0.00,,0.00,0.00,
293,samba,0.00,0.00,,0.00,0.00,
294,samba,0.00,0.00,,0.00,0.00,
295,samba,0.00,0.00,,0.00,0.00,
296,samba,0.00,0.00,,0.00,0.00,
297,samba,0.00,0.00,,0.00,0.00,
298,samba,0.00,0.00,,0.00,0.00,
299,samba,0.00,0.00,,0.00,0.00,
300,samba,0.00,0.00,,0.00,0.00,
301,samba,0.00,0.00,,0.00,0.00,
302,seu lau,0.00,0.00,,0.00,0.00,
303,seu lau,0.00,0.00,,0.00,0.00,
304,seu lau,0.00,0.00,,0.00,0.00,
305,seu lau,0.00,0.00,,0.10,0.00,surdos
306,seu lau,0.00,0.00,,0.00,0.00,
307,seu lau,0.00,0.00,,0.00,0.00,
308,seu lau,0.00,0.00,,0.00,0.00,
309,seu lau,0.00,0.00,,0.00,0.00,
310,seu lau,0.00,0.00,,0.00,0.00,
311,seu lau,0.00,0.00,,0.00,0.00,
312,seu lau,0.00,0.00,,0.00,0.00,
313,seu lau,0.00,0.00,,0.00,0.00,
314,seu lau,0.00,0.00,,0.00,0.00,
315,isqueiro,0.00,1.00,frase tamborins,0.00,0.00,
316,isqueiro,0.00,0.00,,0.00,0.00,
317,isqueiro,0.00,0.00,,0.00,0.00,
318,isqueiro,0.00,0.00,,0.00,0.00,
319,isqueiro,0.00,0.00,,0.00,0.00,
320,isqueiro,0.00,0.00,,0.00,0.00,
321,isqueiro,0.00,0.00,,0.00,0.00,
322,maracatu,0.00,0.00,,0.00,0.00,
323,maracatu,0.00,0.00,,0.00,0.00,
324,maracatu,0.00,0.00,,0.00,0.00,
325,maracatu,0.00,0.00,,0.00,0.00,
326,maracatu,0.00,0.00,,0.00,0.00,
327,maracatu,0.00,0.00,,0.00,0.10,surdos
328,maracatu,0.00,0.00,,0.00,0.00,
329,maracatu,0.00,0.00,,0.00,0.00,
330,maracatu,0.00,0.00,,0.00,0.00,
331,maracatu,0.00,0.00,,0.00,0.00,
332,maracatu,0.00,0.00,,0.00,0.00,
333,maracatu,0.00,0.00,,0.00,0.00,
334,maracatu,0.00,0.00,,0.00,0.00,
335,maracatu,0.00,0.00,,0.00,0.00,
336,maracatu,2.00,0.00,frase repiques,0.00,0.00,
337,maracatu,0.00,0.00,,0.00,0.00,
338,maracatu,0.00,0.00,,0.00,0.00,
339,maracatu,0.00,0.00,,0.00,0.00,
340,maracatu,0.00,0.00,,0.00,0.00,
341,maracatu,0.00,0.00,,0.00,0.00,
342,maracatu,0.00,0.00,,0.00,0.00,
343,maracatu,0.00,0.00,,0.00,0.00,
344,maracatu,0.00,0.00,,0.00,0.00,
345,maracatu,0.00,0.00,,0.00,0.00,
346,maracatu,0.00,3.00,maracatu,0.00,0.00,
347,maracatu,0.00,0.00,,0.00,0.00,
348,maracatu,0.00,0.00,,0.00,0.00,
349,maracatu,0.00,0.00,,0.00,0.00,
350,maracatu,0.00,0.00,,0.00,0.00,
351,maracatu,0.00,0.00,,0.00,0.00,
352,maracatu,0.00,0.00,,0.00,0.00,
353,maracatu,0.00,0.00,,0.00,0.00,
354,maracatu,2.00,0.00,variacao ritmica,0.00,0.00,
355,maracatu,0.00,0.00,,0.00,0.00,
356,maracatu,0.00,0.00,,0.00,0.00,
357,maracatu,0.00,0.00,,0.00,0.00,
358,maracatu,0.00,0.00,,0.00,0.00,
359,maracatu,0.00,0.00,,0.00,0.00,
360,maracatu,0.00,0.00,,0.00,0.00,
361,maracatu,0.00,0.00,,0.00,0.00,
362,maracatu,0.00,0.00,,0.00,0.00,
363,maracatu,0.00,0.00,,0.00,0.00,
364,maracatu,0.00,0.00,,0.00,0.00,
365,maracatu,0.00,0.00,,0.00,0.00,
366,maracatu,0.00,0.00,,0.00,0.00,
367,maracatu,0.00,0.00,,0.00,0.00,
368,maracatu,0.00,0.00,,0.00,0.00,
369,maracatu,0.00,0.00,,0.00,0.00,
370,maracatu,0.00,0.00,,0.00,0.00,
371,maracatu,0.00,0.00,,0.00,0.10,tamborins
372,maracatu,0.00,0.00,,0.00,0.00,
373,maracatu,0.00,0.00,,0.00,0.00,
374,maracatu,0.00,0.00,,0.00,0.00,
375,maracatu,0.00,0.00,,0.00,0.00,
376,maracatu,0.00,0.00,,0.00,0.00,
377,maracatu,0.00,0.00,,0.00,0.00,
378,maracatu,0.00,0.00,,0.00,0.00,
379,maracatu,0.00,0.00,,0.00,0.00,
380,maracatu,0.00,0.00,,0.00,0.00,
381,maracatu,0.00,0.00,,0.00,0.00,
382,maracatu,0.00,0.00,,0.00,0.00,
383,maracatu,0.00,0.00,,0.00,0.00,
384,maracatu,0.00,0.00,,0.00,0.00,
385,maracatu,0.00,0.00,,0.00,0.00,
386,maracatu,0.00,0.00,,0.00,0.00,
387,maracatu,0.00,0.00,,0.00,0.00,
388,maracatu,0.00,0.00,,0.00,0.00,
389,maracatu,0.00,0.00,,0.00,0.00,
390,maracatu,0.00,0.00,,0.00,0.00,
391,maracatu,0.00,0.00,,0.00,0.00,
392,maracatu,0.00,0.00,,0.00,0.00,
393,maracatu,0.00,0.00,,0.00,0.00,
394,maracatu,0.00,0.00,,0.00,0.00,
395,maracatu,0.00,0.00,,0.00,0.00,
396,maracatu,0.00,0.00,,0.00,0.00,
397,maracatu,0.00,0.00,,0.00,0.00,
398,maracatu,0.00,0.00,,0.00,0.00,
399,maracatu,0.00,0.00,,0.00,0.00,
400,entrada antiga,0.00,0.00,,0.00,0.00,
401,entrada antiga,0.00,0.00,,0.00,0.00,
402,entrada antiga,0.00,0.00,,0.00,0.00,
403,entrada antiga,0.00,0.00,,0.00,0.00,
404,entrada antiga,0.00,0.00,,0.00,0.00,
405,entrada antiga,0.00,0.00,,0.00,0.00,
406,entrada antiga,0.00,0.00,,0.00,0.00,
407,entrada antiga,0.00,0.00,,0.00,0.00,
408,entrada antiga,0.00,0.00,,0.00,0.00,
409,entrada antiga,0.00,1.00,frase chocalhos,0.00,0.00,
410,entrada antiga,0.00,0.00,,0.00,0.00,
411,entrada antiga,0.00,0.00,,0.00,0.00,
412,entrada antiga,0.00,0.00,,0.00,0.00,
413,entrada antiga,1.00,0.00,frase agogos,0.00,0.00,
414,entrada antiga,0.00,0.00,,0.00,0.00,
415,entrada antiga,0.00,0.00,,0.00,0.00,
416,entrada antiga,0.00,0.00,,0.00,0.00,
417,entrada antiga,0.00,0.00,,0.00,0.00,
418,entrada antiga,0.00,0.00,,0.00,0.00,
419,entrada antiga,0.00,0.00,,0.00,0.00,
420,entrada antiga,0.00,0.00,,0.00,0.00,
421,entrada antiga,0.00,0.00,,0.00,0.10,surdos
422,entrada antiga,0.00,0.00,,0.00,0.00,
423,entrada antiga,0.00,0.00,,0.00,0.00,
424,entrada antiga,0.00,0.00,,0.00,0.00,
425,entrada antiga,0.00,0.00,,0.00,0.00,
426,entrada antiga,0.00,0.00,,0.00,0.00,
427,entrada antiga,0.00,0.00,,0.00,0.00,
428,entrada antiga,0.00,0.00,,0.00,0.00,
429,entrada antiga,0.00,0.00,,0.00,0.00,
430,entrada antiga,0.00,0.00,,0.00,0.00,
431,entrada antiga,0.00,1.00,frase surdos,0.00,0.00,
432,entrada antiga,0.00,0.00,,0.00,0.00,
433,entrada antiga,0.00,0.00,,0.00,0.10,tamborins
434,entrada antiga,0.00,0.00,,0.10,0.00,tamborins
435,entrada antiga,0.00,0.00,,0.00,0.00,
436,entrada antiga,0.00,0.00,,0.00,0.00,
437,entrada antiga,0.00,0.00,,0.00,0.00,
438,entrada antiga,0.00,0.00,,0.00,0.00,
439,entrada antiga,0.00,0.00,,0.00,0.00,
440,entrada antiga,0.00,0.00,,0.00,0.00,
441,entrada antiga,0.00,0.00,,0.00,0.00,
442,entrada antiga,0.00,0.00,,0.00,0.00,
443,entrada antiga,0.00,0.00,,0.00,0.00,
444,entrada antiga,0.00,0.00,,0.00,0.00,
445,entrada antiga,0.00,0.00,,0.00,0.00,
446,entrada antiga,0.00,0.00,,0.00,0.00,
447,entrada antiga,0.00,1.00,frase chocalhos,0.00,0.00,
448,entrada antiga,0.00,0.00,,0.00,0.00,
449,entrada antiga,0.00,0.00,,0.00,0.00,
450,entrada antiga,0.00,0.00,,0.00,0.00,
451,entrada antiga,0.00,0.00,,0.00,0.00,
452,entrada antiga,0.00,0.00,,0.00,0.00,
453,entrada antiga,0.00,0.00,,0.00,0.00,
454,samba,0.00,0.00,,0.00,0.00,
455,samba,1.00,0.00,frase chocalhos,0.00,0.00,
456,samba,0.00,0.00,,0.00,0.00,
457,samba,0.00,0.00,,0.00,0.00,
458,samba,0.00,0.00,,0.00,0.00,
459,samba,0.00,0.00,,0.00,0.00,
460,samba,0.00,0.00,,0.00,0.00,
461,samba,0.00,0.00,,0.00,0.00,
462,samba,0.00,0.00,,0.00,0.00,
463,samba,0.00,0.00,,0.00,0.00,
464,samba,0.00,0.00,,0.00,0.00,
465,samba,0.00,0.00,,0.00,0.00,
466,samba,0.00,0.00,,0.00,0.00,
467,samba,0.00,0.00,,0.00,0.00,
468,samba,0.00,0.00,,0.00,0.00,
469,samba,0.00,0.00,,0.00,0.00,
470,samba,0.00,0.00,,0.00,0.00,
471,samba,0.00,0.00,,0.00,0.00,
472,samba,0.00,0.00,,0.00,0.00,
473,samba,0.00,0.00,,0.00,0.00,
474,samba,0.00,0.00,,0.00,0.00,
475,solo caxa,0.00,0.00,,0.00,0.00,
476,solo caxa,0.00,0.00,,0.00,0.00,
477,solo caxa,0.00,0.00,,0.00,0.00,
478,solo caxa,0.00,0.00,,0.00,0.00,
479,solo caxa,0.00,0.00,,0.00,0.00,
480,solo caxa,0.00,0.00,,0.00,0.00,
481,solo caxa,0.00,0.00,,0.00,0.00,
482,solo caxa,0.00,0.00,,0.00,0.00,
483,solo caxa,0.00,0.00,,0.00,0.00,
484,solo caxa,0.00,0.00,,0.00,0.00,
485,solo caxa,0.00,0.00,,0.00,0.00,
486,solo caxa,0.00,0.00,,0.00,0.00,
487,solo caxa,0.00,0.00,,0.00,0.00,
488,solo caxa,0.00,0.00,,0.00,0.00,
489,solo caxa,0.00,0.00,,0.00,0.00,
490,solo caxa,0.00,0.00,,0.00,0.00,
491,solo caxa,0.00,0.00,,0.00,0.00,
492,solo caxa,0.00,0.00,,0.00,0.00,
493,solo caxa,0.00,0.00,,0.00,0.00,
494,solo caxa,0.00,0.00,,0.00,0.00,
495,solo caxa,0.00,0.00,,0.00,0.00,
496,solo caxa,0.00,0.00,,0.00,0.00,
497,solo caxa,0.00,0.00,,0.00,0.00,
498,solo caxa,0.00,0.00,,0.00,0.00,
499,solo caxa,0.00,0.00,,0.00,0.00,
500,solo caxa,0.00,0.00,,0.00,0.10,caixas
501,solo caxa,0.00,0.00,,0.00,0.00,
502,solo caxa,0.00,0.00,,0.00,0.00,
503,solo caxa,0.00,0.00,,0.00,0.00,
504,solo caxa,0.00,0.00,,0.00,0.00,
505,solo caxa,0.00,0.00,,0.00,0.00,
506,solo caxa,0.00,0.00,,0.00,0.00,
507,solo caxa,0.00,0.00,,0.00,0.00,
508,solo caxa,0.00,0.00,,0.00,0.00,
509,solo caxa,0.00,0.00,,0.00,0.00,
510,solo caxa,0.00,0.00,,0.00,0.00,
511,solo caxa,0.00,0.00,,0.00,0.00,
512,solo caxa,0.00,2.00,solo caixa,0.00,0.00,
513,solo caxa,0.00,0.00,,0.00,0.00,
514,solo caxa,0.00,0.00,,0.00,0.00,
515,solo caxa,2.00,0.00,solo caixa,0.00,0.00,
516,samba,0.00,0.00,,0.00,0.00,
517,samba,0.00,0.00,,0.00,0.00,
518,samba,0.00,0.00,,0.00,0.00,
519,samba,0.00,0.00,,0.00,0.00,
520,samba,0.00,0.00,,0.00,0.00,
521,samba,0.00,0.00,,0.00,0.00,
522,samba,0.00,0.00,,0.00,0.00,
523,samba,0.00,0.00,,0.00,0.00,
524,samba,0.00,0.00,,0.00,0.00,
525,samba,0.00,0.00,,0.00,0.00,
526,samba,0.00,0.00,,0.00,0.00,
527,samba,0.00,0.00,,0.00,0.00,
528,samba,0.00,0.00,,0.00,0.00,
529,samba,0.00,0.00,,0.00,0.00,
530,samba,0.00,0.00,,0.00,0.00,
531,samba,0.00,0.00,,0.00,0.00,
532,samba,0.00,0.00,,0.00,0.00,
533,vem monstro,0.00,0.00,,0.00,0.00,
534,vem monstro,0.00,0.00,,0.00,0.00,
535,vem monstro,0.00,0.00,,0.00,0.00,
536,vem monstro,0.00,0.00,,0.00,0.00,
537,vem monstro,0.00,0.00,,0.00,0.00,
538,vem monstro,0.00,0.00,,0.00,0.10,tamborins
539,vem monstro,0.00,0.00,,0.00,0.00,
540,vem monstro,0.00,0.00,,0.00,0.00,
541,vem monstro,0.00,0.00,,0.00,0.00,
542,vem monstro,0.00,0.00,,0.00,0.00,
543,vem monstro,0.00,0.00,,0.00,0.00,
544,vem monstro,0.00,0.00,,0.00,0.00,
545,vem monstro,0.00,0.00,,0.00,0.00,
546,vem monstro,0.00,0.00,,0.00,0.00,
547,vem monstro,0.00,0.00,,0.00,0.00,
548,vem monstro,0.00,0.00,,0.00,0.00,
549,vem monstro,0.00,0.00,,0.00,0.00,
550,vem monstro,0.00,0.00,,0.00,0.00,
551,vem monstro,0.00,0.00,,0.00,0.00,
552,vem monstro,0.00,0.00,,0.00,0.00,
553,vem monstro,0.00,0.00,,0.00,0.00,
554,vem monstro,2.00,0.00,varicao ritmica,0.00,0.00,
555,vem monstro,0.00,0.00,,0.00,0.00,
556,vem monstro,0.00,0.00,,0.00,0.00,
557,vem monstro,0.00,0.00,,0.00,0.00,
558,vem monstro,0.00,0.00,,0.00,0.00,
559,vem monstro,0.00,0.00,,0.00,0.00,
560,vem monstro,0.00,0.00,,0.00,0.00,
561,vem monstro,0.00,0.00,,0.00,0.00,
562,vem monstro,0.00,0.00,,0.00,0.00,
563,vem monstro,0.00,0.00,,0.00,0.00,
564,vem monstro,0.00,0.00,,0.00,0.00,
565,vem monstro,0.00,0.00,,0.00,0.00,
566,vem monstro,0.00,0.00,,0.00,0.00,
567,vem monstro,0.00,0.00,,0.00,0.00,
568,vem monstro,0.00,0.00,,0.00,0.00,
569,vem monstro,0.00,0.00,,0.00,0.00,
570,vem monstro,0.00,0.00,,0.00,0.00,
571,vem monstro,0.00,0.00,,0.00,0.00,
572,vem monstro,1.00,0.00,bossa,0.00,0.00,
573,vem monstro,0.00,1.00,retomada,0.00,0.00,
574,vem monstro,0.00,0.00,,0.00,0.00,
575,vem monstro,0.00,0.00,,0.00,0.00,
576,vem monstro,0.00,0.00,,0.00,0.00,
577,vem monstro,0.00,0.00,,0.00,0.00,
578,vem monstro,0.00,0.00,,0.00,0.00,
579,vem monstro,0.00,0.00,,0.00,0.00,
580,vem monstro,0.00,0.00,,0.00,0.00,
581,vem monstro,0.00,0.00,,0.00,0.00,
582,vem monstro,0.00,0.00,,0.00,0.00,
583,vem monstro,0.00,0.00,,0.00,0.00,
584,vem monstro,0.00,0.00,,0.00,0.00,
585,vem monstro,0.00,0.00,,0.00,0.00,
586,samba,0.00,0.00,,0.00,0.00,
587,samba,0.00,0.00,,0.00,0.00,
588,samba,0.00,0.00,,0.00,0.00,
589,samba,0.00,0.00,,0.00,0.00,
590,samba,0.00,0.00,,0.00,0.00,
591,samba,0.00,0.00,,0.00,0.00,
592,samba,0.00,0.00,,0.00,0.00,
593,samba,0.00,0.00,,0.00,0.00,
594,samba,0.00,0.00,,0.00,0.00,
595,samba,0.00,0.00,,0.00,0.00,
596,samba,0.00,0.00,,0.00,0.00,
597,samba,2.00,0.00,bossa,0.00,0.00,
598,samba,0.00,0.00,,0.00,0.00,
599,samba,0.00,0.00,,0.00,0.00,
600,samba,0.00,1.00,variacao ritmica,0.00,0.10,caixas
601,samba,0.00,0.00,,0.00,0.00,
602,samba,0.00,0.00,,0.00,0.00,
603,samba,0.00,0.00,,0.00,0.00,
604,samba,0.00,0.00,,0.00,0.00,
605,samba,0.00,0.00,,0.00,0.00,
606,samba,0.00,0.00,,0.00,0.00,
607,samba,0.00,0.00,,0.00,0.00,
608,xilindró,0.00,0.00,,0.00,0.00,
609,xilindró,0.00,0.00,,0.00,0.00,
610,xilindró,0.00,0.00,,0.00,0.00,
611,xilindró,0.00,0.00,,0.00,0.00,
612,xilindró,0.00,0.00,,0.00,0.00,
613,xilindró,0.00,0.00,,0.00,0.00,
614,xilindró,0.00,0.00,,0.00,0.00,
615,xilindró,2.00,0.00,bossa,0.00,0.00,
616,xilindró,0.00,0.00,,0.00,0.00,
617,xilindró,0.00,0.00,,0.00,0.00,
618,xilindró,0.00,0.00,,0.00,0.00,
619,xilindró,0.00,0.00,,0.00,0.00,
620,xilindró,0.00,1.00,variacao ritmica,0.00,0.00,
621,xilindró,0.00,0.00,,0.00,0.00,
622,xilindró,0.00,0.00,,0.00,0.00,
623,xilindró,0.00,0.00,,0.00,0.00,
624,xilindró,0.00,0.00,,0.00,0.00,
625,xilindró,0.00,0.00,,0.00,0.00,
626,xilindró,0.00,0.00,,0.00,0.00,
627,xilindró,0.00,0.00,,0.00,0.00,
628,xilindró,0.00,0.00,,0.00,0.00,
629,xilindró,0.00,0.00,,0.00,0.00,
630,xilindró,0.00,0.00,,0.00,0.00,
631,xilindró,0.00,0.00,,0.00,0.00,
632,xilindró,0.00,0.00,,0.00,0.00,
633,xilindró,0.00,0.00,,0.00,0.00,
634,xilindró,0.00,0.00,,0.00,0.00,
635,xilindró,0.00,0.00,,0.00,0.00,
636,xilindró,0.00,0.00,,0.00,0.00,
637,xilindró,0.00,0.00,,0.00,0.00,